round,state,lga,settlements,u5,missed_u5_round,covered_u5_round,coverage_round,missed_rate
1,Jigawa,Auyo,283,29019,8753,20266,0.6983700334263758,0.3016299665736242
1,Jigawa,Babura,590,68811,23251,45560,0.6621034427635116,0.33789655723648837
1,Jigawa,Birnin Kudu,741,84417,29315,55102,0.6527358233531161,0.3472641766468839
1,Jigawa,Birniwa,810,39308,17440,21868,0.5563244123333673,0.44367558766663273
1,Jigawa,Buji,341,29635,13379,16256,0.548540577020415,0.45145942297958497
1,Jigawa,Dutse,709,66651,25641,41010,0.6152945942296439,0.38470540577035606
1,Jigawa,Gagarawa,299,33992,10706,23286,0.6850435396563898,0.31495646034361025
1,Jigawa,Garki,447,45753,7135,38618,0.8440539418180228,0.15594605818197713
1,Jigawa,Gumel,258,26081,8719,17362,0.665695333767877,0.334304666232123
1,Jigawa,Guri,484,25926,9824,16102,0.6210753683560905,0.3789246316439096
1,Jigawa,Gwaram,658,96879,44071,52808,0.5450923316714664,0.4549076683285335
1,Jigawa,Gwiwa,383,29849,6004,23845,0.7988542329726289,0.2011457670273711
1,Jigawa,Hadejia,127,35609,17410,18199,0.5110786598893539,0.4889213401106462
1,Jigawa,Jahun,852,53868,18613,35255,0.6544701863815252,0.3455298136184748
1,Jigawa,Kafin Hausa,898,50409,17216,33193,0.6584736852546172,0.34152631474538275
1,Jigawa,Kaugama,375,38848,14470,24378,0.6275226523887973,0.37247734761120266
1,Jigawa,Kazaure,324,50145,18592,31553,0.6292352178681823,0.37076478213181774
1,Jigawa,Kiri Kasama,513,41652,16237,25415,0.6101747815230961,0.3898252184769039
1,Jigawa,Kiyawa,744,47390,17203,30187,0.6369909263557713,0.36300907364422874
1,Jigawa,Maigatari,356,34408,10109,24299,0.7062020460358056,0.2937979539641944
1,Jigawa,Malam Madori,508,35915,15728,20187,0.5620771265487957,0.43792287345120423
1,Jigawa,Miga,396,35585,13558,22027,0.6189967683012505,0.3810032316987495
1,Jigawa,Ringim,472,61143,24497,36646,0.5993490669414324,0.40065093305856764
1,Jigawa,Roni,295,64903,15811,49092,0.7563903055328721,0.24360969446712788
1,Jigawa,Sule Tankarkar,699,47801,17037,30764,0.6435848622413757,0.3564151377586243
1,Jigawa,Taura,296,45522,14643,30879,0.6783313562672993,0.32166864373270065
1,Jigawa,Yankwashi,259,17748,4861,12887,0.7261099842235745,0.2738900157764255
1,Kano,Ajingi,406,41271,18620,22651,0.5488357442271813,0.4511642557728187
1,Kano,Albasu,760,43495,13827,29668,0.6821013909644786,0.3178986090355213
1,Kano,Bagwai,633,45911,15615,30296,0.6598854305068502,0.3401145694931498
1,Kano,Bebeji,870,49261,19995,29266,0.5941008099713769,0.40589919002862307
1,Kano,Bichi,871,67793,22677,45116,0.6654964376853068,0.33450356231469325
1,Kano,Bunkure,622,37446,11849,25597,0.6835710089195107,0.3164289910804892
1,Kano,Dala,1203,39358,8979,30379,0.7718634076934804,0.22813659230651964
1,Kano,Dambatta,744,51181,17515,33666,0.6577831617201696,0.3422168382798304
1,Kano,Dawakin Kudu,854,62046,20670,41376,0.6668600715598104,0.3331399284401895
1,Kano,Dawakin Tofa,1062,54684,16174,38510,0.7042279277302319,0.29577207226976815
1,Kano,Doguwa,828,52337,17688,34649,0.6620364178305979,0.33796358216940214
1,Kano,Fagge,928,48454,10643,37811,0.7803483716514632,0.21965162834853674
1,Kano,Gabasawa,870,43901,15905,27996,0.6377075693036605,0.3622924306963395
1,Kano,Garko,611,37590,13170,24420,0.6496408619313647,0.3503591380686353
1,Kano,Garum Mallam,524,29702,8302,21400,0.7204902026799542,0.27950979732004577
1,Kano,Gaya,875,38112,15065,23047,0.6047176742233418,0.3952823257766583
1,Kano,Gezawa,793,58005,18689,39316,0.6778036376174468,0.3221963623825532
1,Kano,Gwale,1198,70170,24310,45860,0.6535556505629186,0.34644434943708136
1,Kano,Gwarzo,725,51625,19030,32595,0.6313801452784503,0.3686198547215496
1,Kano,Kabo,456,34194,8795,25399,0.7427911329473007,0.2572088670526993
1,Kano,Kano Municipal,901,22240,4203,18037,0.8110161870503597,0.18898381294964028
1,Kano,Karaye,536,47854,20578,27276,0.5699837004221173,0.43001629957788273
1,Kano,Kibiya,593,37994,13861,24133,0.6351792388271832,0.36482076117281675
1,Kano,Kiru,741,65039,24805,40234,0.6186134473162257,0.38138655268377436
1,Kano,Kumbotso,2379,65409,22685,42724,0.6531822837835772,0.3468177162164228
1,Kano,Kunchi,161,26914,9873,17041,0.6331648955933715,0.36683510440662853
1,Kano,Kura,438,33025,14520,18505,0.560333080999243,0.439666919000757
1,Kano,Madobi,937,57164,17230,39934,0.698586522986495,0.301413477013505
1,Kano,Makoda,191,28177,9703,18474,0.6556411257408524,0.3443588742591475
1,Kano,Minjibir,915,60297,22874,37423,0.6206444765079523,0.3793555234920477
1,Kano,Nassarawa,1654,70341,21610,48731,0.6927823033508196,0.3072176966491804
1,Kano,Rano,504,33938,14629,19309,0.5689492604160528,0.4310507395839472
1,Kano,Rimin Gado,170,20634,5941,14693,0.7120771542114956,0.2879228457885044
1,Kano,Rogo,1036,44167,15839,28328,0.6413838386125388,0.3586161613874612
1,Kano,Shanono,453,35073,8410,26663,0.7602144099449719,0.23978559005502809
1,Kano,Sumaila,931,44190,17701,26489,0.5994342611450555,0.40056573885494456
1,Kano,Takai,679,36240,12870,23370,0.6448675496688742,0.35513245033112584
1,Kano,Tarauni,1030,38389,7565,30824,0.8029383417124697,0.19706165828753028
1,Kano,Tofa,440,26869,10604,16265,0.6053444489932636,0.3946555510067364
1,Kano,Tsanyawa,376,36552,11397,25155,0.6881976362442548,0.3118023637557452
1,Kano,Tudun Wada,644,55622,20153,35469,0.6376793355147244,0.3623206644852756
1,Kano,Ungogo,2515,106115,37418,68697,0.6473825566602271,0.3526174433397729
1,Kano,Warawa,611,36143,13908,22235,0.6151951968569295,0.3848048031430706
1,Kano,Wudil,536,45593,23637,21956,0.4815651525453469,0.5184348474546532
1,Katsina,Bakori,978,76063,25590,50473,0.6635683578086586,0.33643164219134136
1,Katsina,Batagarawa,376,50012,24036,25976,0.5193953451171719,0.4806046548828281
1,Katsina,Batsari,643,51740,23502,28238,0.5457672980286046,0.4542327019713954
1,Katsina,Baure,536,59990,24352,35638,0.5940656776129355,0.4059343223870645
1,Katsina,Bindawa,480,48296,20748,27548,0.5703992049030976,0.4296007950969024
1,Katsina,Charanchi,301,46938,22112,24826,0.5289104776513699,0.4710895223486301
1,Katsina,Dan Musa,475,45182,19347,25835,0.5717985038289585,0.4282014961710416
1,Katsina,Dandume,599,69858,24772,45086,0.6453949440293166,0.35460505597068337
1,Katsina,Danja,718,66207,33882,32325,0.488241424622774,0.511758575377226
1,Katsina,Daura,373,32797,12529,20268,0.6179833521358661,0.3820166478641339
1,Katsina,Dutsi,456,34700,13947,20753,0.5980691642651297,0.4019308357348703
1,Katsina,Dutsin Ma,904,66644,25769,40875,0.6133335334013564,0.38666646659864357
1,Katsina,Faskari,509,35487,10979,24508,0.6906190999520951,0.30938090004790486
1,Katsina,Funtua,849,129995,61625,68370,0.5259433055117505,0.47405669448824955
1,Katsina,Ingawa,490,49198,19110,30088,0.6115695759990244,0.38843042400097566
1,Katsina,Jibia,681,47995,19862,28133,0.5861652255443275,0.41383477445567246
1,Katsina,Kafur,613,71246,26540,44706,0.627487858967521,0.37251214103247904
1,Katsina,Kaita,338,53907,16370,37537,0.6963288626708962,0.30367113732910384
1,Katsina,Kankara,752,44621,17748,26873,0.6022500616301741,0.39774993836982586
1,Katsina,Kankia,603,55356,22446,32910,0.594515499674832,0.40548450032516803
1,Katsina,Katsina,1515,88119,33891,54228,0.6153950907295815,0.3846049092704184
1,Katsina,Kurfi,400,35670,13690,21980,0.6162040930754135,0.3837959069245865
1,Katsina,Kusada,452,35616,15592,20024,0.5622192273135669,0.43778077268643306
1,Katsina,Mai'adua,513,35182,11669,23513,0.668324711500199,0.33167528849980105
1,Katsina,Malumfashi,734,72494,24507,47987,0.661944436780975,0.338055563219025
1,Katsina,Mani,814,56021,24459,31562,0.5633958694061155,0.4366041305938844
1,Katsina,Mashi,703,53020,23264,29756,0.5612221803093173,0.43877781969068275
1,Katsina,Matazu,663,33660,14967,18693,0.5553475935828877,0.4446524064171123
1,Katsina,Musawa,440,43902,18486,25416,0.5789257892578926,0.42107421074210744
1,Katsina,Rimi,466,50143,19525,30618,0.6106136449753704,0.38938635502462954
1,Katsina,Sabuwa,352,41943,19597,22346,0.5327706649500512,0.46722933504994874
1,Katsina,Safana,346,58722,21749,36973,0.6296277374748817,0.37037226252511835
1,Katsina,Sandamu,384,33600,12059,21541,0.6411011904761905,0.35889880952380954
1,Katsina,Zango,414,35271,14720,20551,0.5826599756173627,0.4173400243826373
1,Kebbi,Aleiro,139,19958,7301,12657,0.6341817817416575,0.36581821825834254
1,Kebbi,Arewa Dandi,896,30737,15313,15424,0.5018056414093763,0.49819435859062366
1,Kebbi,Argungu,757,19626,8324,11302,0.5758687455416285,0.4241312544583715
1,Kebbi,Augie,461,21740,7880,13860,0.6375344986200552,0.3624655013799448
1,Kebbi,Bagudo,1041,42807,17310,25497,0.5956268834536408,0.40437311654635927
1,Kebbi,Bagudu,3,21,12,9,0.42857142857142855,0.5714285714285714
1,Kebbi,Birnin Kebbi,743,51390,21936,29454,0.5731465265615878,0.4268534734384121
1,Kebbi,Bunza,711,26175,11730,14445,0.5518624641833811,0.4481375358166189
1,Kebbi,Dandi,428,32335,11978,20357,0.6295654863151384,0.37043451368486163
1,Kebbi,Fakai,825,27516,8575,18941,0.6883631341764791,0.31163686582352085
1,Kebbi,Gwandu,566,39622,15375,24247,0.6119580031295745,0.3880419968704255
1,Kebbi,Jega,681,28271,13589,14682,0.5193307629726575,0.4806692370273425
1,Kebbi,Kalgo,485,20293,8926,11367,0.560143891982457,0.439856108017543
1,Kebbi,Koko-Besse,756,50019,22380,27639,0.5525700233911114,0.4474299766088886
1,Kebbi,Maiyama,458,44627,21317,23310,0.5223295314495708,0.4776704685504291
1,Kebbi,Ngaski,574,30978,11817,19161,0.6185357350377687,0.38146426496223124
1,Kebbi,Sakaba,613,32025,6507,25518,0.7968149882903981,0.20318501170960188
1,Kebbi,Shanga,406,41213,18066,23147,0.5616431708441512,0.4383568291558489
1,Kebbi,Suru,649,30260,13466,16794,0.5549900859220093,0.44500991407799073
1,Kebbi,Wasagu-Danko,1249,57675,25869,31806,0.5514694408322497,0.4485305591677503
1,Kebbi,Yauri,499,26482,9375,17107,0.6459859527226041,0.354014047277396
1,Kebbi,Zuru,650,12510,6161,6349,0.5075139888089528,0.4924860111910472
1,Sokoto,Binji,291,15558,7737,7821,0.5026995757809487,0.4973004242190513
1,Sokoto,Bodinga,585,35609,17247,18362,0.5156561543430032,0.48434384565699684
1,Sokoto,Dange Shuni,568,36038,17320,18718,0.5193961929074865,0.48060380709251344
1,Sokoto,Gada,862,56218,23364,32854,0.5844035718097407,0.4155964281902593
1,Sokoto,Goronyo,517,60627,20054,40573,0.6692232833556007,0.33077671664439934
1,Sokoto,Gudu,355,11947,4950,6997,0.5856700426885411,0.41432995731145894
1,Sokoto,Gwadabawa,536,33493,14484,19009,0.5675514286567342,0.43244857134326575
1,Sokoto,Illela,426,28375,11452,16923,0.5964052863436123,0.40359471365638766
1,Sokoto,Isa,427,37156,12039,25117,0.6759877274195285,0.32401227258047155
1,Sokoto,Kebbe,344,18763,8125,10638,0.5669669029472899,0.43303309705271015
1,Sokoto,Kware,621,59832,29366,30466,0.5091924054017917,0.49080759459820833
1,Sokoto,Rabah,326,31591,12628,18963,0.6002658985153999,0.39973410148460004
1,Sokoto,Sabon Birni,558,43901,15423,28478,0.6486868180679256,0.35131318193207445
1,Sokoto,Shagari,370,34260,11180,23080,0.673671920607122,0.326328079392878
1,Sokoto,Silame,373,19515,8869,10646,0.545529080194722,0.454470919805278
1,Sokoto,Sokoto North,328,32810,14821,17989,0.5482779640353551,0.45172203596464494
1,Sokoto,Sokoto South,434,29216,11648,17568,0.6013143483023001,0.39868565169769987
1,Sokoto,Tambuwal,578,41782,20387,21395,0.5120626106936002,0.4879373893063999
1,Sokoto,Tangaza,476,6916,3045,3871,0.5597165991902834,0.4402834008097166
1,Sokoto,Tureta,251,25926,9846,16080,0.6202267993520019,0.37977320064799813
1,Sokoto,Wamakko,631,48632,22500,26132,0.5373416680375062,0.46265833196249384
1,Sokoto,Wurno,399,30662,14055,16607,0.541615028373883,0.458384971626117
1,Sokoto,Yabo,406,26731,13338,13393,0.5010287680969661,0.49897123190303394
1,Zamfara,Anka,330,37457,14322,23135,0.617641562324799,0.3823584376752009
1,Zamfara,Bakura,437,43388,21254,22134,0.5101410528256661,0.4898589471743339
1,Zamfara,Birnin_magaji-Kiyaw,673,70761,26755,44006,0.6218962422803521,0.3781037577196478
1,Zamfara,Bukkuyum,612,49602,23152,26450,0.5332446272327729,0.4667553727672271
1,Zamfara,Bungudu,549,57777,27705,30072,0.5204839295913599,0.47951607040864014
1,Zamfara,Gummi,569,62442,24023,38419,0.6152749751769642,0.3847250248230358
1,Zamfara,Gusau,930,106956,50771,56185,0.5253094730543401,0.4746905269456599
1,Zamfara,Kaura Namoda,598,80447,39556,40891,0.5082973883426355,0.49170261165736445
1,Zamfara,Maradun,388,41876,16174,25702,0.6137644474161811,0.3862355525838189
1,Zamfara,Maru,912,51588,23801,27787,0.5386330154299449,0.46136698457005504
1,Zamfara,Shinkafi,284,54110,23782,30328,0.5604878950286454,0.4395121049713546
1,Zamfara,Talata Mafara,702,63854,21679,42175,0.6604911203683402,0.3395088796316597
1,Zamfara,Tsafe,558,70504,25041,45463,0.6448286622035629,0.35517133779643706
1,Zamfara,Zurmi,851,61733,18511,43222,0.7001441692449744,0.2998558307550257
2,Jigawa,Auyo,283,29019,7905,21114,0.7275922671353251,0.27240773286467485
2,Jigawa,Babura,590,68811,21156,47655,0.6925491563848803,0.30745084361511965
2,Jigawa,Birnin Kudu,741,84417,26590,57827,0.6850160512692941,0.3149839487307059
2,Jigawa,Birniwa,810,39308,15469,23839,0.6064668769716088,0.39353312302839116
2,Jigawa,Buji,341,29635,12241,17394,0.5869411169225578,0.4130588830774422
2,Jigawa,Dutse,709,66651,23143,43508,0.6527734017494111,0.3472265982505889
2,Jigawa,Gagarawa,299,33992,9635,24357,0.7165509531654507,0.2834490468345493
2,Jigawa,Garki,447,45753,6511,39242,0.8576923917557319,0.14230760824426814
2,Jigawa,Gumel,258,26081,7859,18222,0.6986695295425789,0.3013304704574211
2,Jigawa,Guri,484,25926,8821,17105,0.6597624006788552,0.3402375993211448
2,Jigawa,Gwaram,658,96879,40523,56356,0.5817153356248517,0.4182846643751484
2,Jigawa,Gwiwa,383,29849,5431,24418,0.8180508559750745,0.18194914402492546
2,Jigawa,Hadejia,127,35609,15613,19996,0.5615434300317336,0.43845656996826643
2,Jigawa,Jahun,852,53868,17130,36738,0.6820004455335263,0.3179995544664736
2,Jigawa,Kafin Hausa,898,50409,15752,34657,0.6875161181535043,0.31248388184649567
2,Jigawa,Kaugama,375,38848,13200,25648,0.6602141680395387,0.3397858319604613
2,Jigawa,Kazaure,324,50145,16623,33522,0.6685013460963207,0.33149865390367933
2,Jigawa,Kiri Kasama,513,41652,14875,26777,0.6428742917506962,0.35712570824930373
2,Jigawa,Kiyawa,744,47390,15440,31950,0.6741928676936062,0.32580713230639374
2,Jigawa,Maigatari,356,34408,9360,25048,0.7279702394791909,0.2720297605208091
2,Jigawa,Malam Madori,508,35915,13989,21926,0.6104970068216623,0.38950299317833775
2,Jigawa,Miga,396,35585,12278,23307,0.6549669804692989,0.34503301953070115
2,Jigawa,Ringim,472,61143,21953,39190,0.6409564463634431,0.35904355363655693
2,Jigawa,Roni,295,64903,14434,50469,0.7776065821302559,0.2223934178697441
2,Jigawa,Sule Tankarkar,699,47801,15466,32335,0.6764502834668731,0.3235497165331269
2,Jigawa,Taura,296,45522,13266,32256,0.708580466587584,0.291419533412416
2,Jigawa,Yankwashi,259,17748,4460,13288,0.7487040793328826,0.2512959206671174
2,Kano,Ajingi,406,41271,16917,24354,0.5900995856654794,0.4099004143345206
2,Kano,Albasu,760,43495,12784,30711,0.7060811587538798,0.2939188412461202
2,Kano,Bagwai,633,45911,14296,31615,0.6886149288841454,0.31138507111585456
2,Kano,Bebeji,870,49261,18160,31101,0.6313513732973346,0.3686486267026654
2,Kano,Bichi,871,67793,20554,47239,0.6968123552579175,0.30318764474208254
2,Kano,Bunkure,622,37446,10709,26737,0.7140148480478555,0.2859851519521444
2,Kano,Dala,1203,39358,8101,31257,0.7941714518014127,0.2058285481985873
2,Kano,Dambatta,744,51181,16072,35109,0.6859772181082824,0.3140227818917176
2,Kano,Dawakin Kudu,854,62046,18712,43334,0.6984173032911066,0.3015826967088934
2,Kano,Dawakin Tofa,1062,54684,15029,39655,0.7251664106502816,0.27483358934971835
2,Kano,Doguwa,828,52337,16023,36314,0.6938494755144544,0.3061505244855456
2,Kano,Fagge,928,48454,9616,38838,0.8015437321996121,0.198456267800388
2,Kano,Gabasawa,870,43901,14484,29417,0.670075852486276,0.32992414751372406
2,Kano,Garko,611,37590,11982,25608,0.681245011971269,0.31875498802873103
2,Kano,Garum Mallam,524,29702,7716,21986,0.740219513837452,0.25978048616254795
2,Kano,Gaya,875,38112,13891,24221,0.6355216204869857,0.36447837951301426
2,Kano,Gezawa,793,58005,16839,41166,0.7096974398758727,0.29030256012412725
2,Kano,Gwale,1198,70170,22090,48080,0.6851931024654411,0.3148068975345589
2,Kano,Gwarzo,725,51625,17190,34435,0.6670217917675545,0.3329782082324455
2,Kano,Kabo,456,34194,8062,26132,0.7642276422764228,0.23577235772357724
2,Kano,Kano Municipal,901,22240,3824,18416,0.8280575539568346,0.17194244604316547
2,Kano,Karaye,536,47854,18676,29178,0.6097295941823045,0.3902704058176955
2,Kano,Kibiya,593,37994,12704,25290,0.6656314154866558,0.3343685845133442
2,Kano,Kiru,741,65039,22649,42390,0.6517627884807577,0.3482372115192423
2,Kano,Kumbotso,2379,65409,20818,44591,0.6817257563943799,0.31827424360562
2,Kano,Kunchi,161,26914,8772,18142,0.6740729731738129,0.3259270268261871
2,Kano,Kura,438,33025,13166,19859,0.601332323996972,0.398667676003028
2,Kano,Madobi,937,57164,15967,41197,0.7206808480862081,0.2793191519137919
2,Kano,Makoda,191,28177,8948,19229,0.6824360293856692,0.31756397061433084
2,Kano,Minjibir,915,60297,20719,39578,0.6563842313879629,0.3436157686120371
2,Kano,Nassarawa,1654,70341,19534,50807,0.7222956739312776,0.27770432606872236
2,Kano,Rano,504,33938,13363,20575,0.6062525782308916,0.3937474217691084
2,Kano,Rimin Gado,170,20634,5390,15244,0.7387806532906853,0.26121934670931474
2,Kano,Rogo,1036,44167,14499,29668,0.6717232322774922,0.32827676772250775
2,Kano,Shanono,453,35073,7752,27321,0.7789752801300145,0.22102471986998545
2,Kano,Sumaila,931,44190,16291,27899,0.6313419325639285,0.3686580674360715
2,Kano,Takai,679,36240,11730,24510,0.6763245033112583,0.32367549668874174
2,Kano,Tarauni,1030,38389,7007,31382,0.8174737555028784,0.18252624449712157
2,Kano,Tofa,440,26869,9686,17183,0.639510216234322,0.3604897837656779
2,Kano,Tsanyawa,376,36552,10375,26177,0.7161578025826221,0.283842197417378
2,Kano,Tudun Wada,644,55622,18565,37057,0.6662291898888929,0.3337708101111071
2,Kano,Ungogo,2515,106115,34264,71851,0.6771050275644348,0.3228949724355652
2,Kano,Warawa,611,36143,12517,23626,0.6536812107462026,0.34631878925379744
2,Kano,Wudil,536,45593,21599,23994,0.5262649968196872,0.47373500318031275
2,Katsina,Bakori,978,76063,23435,52628,0.6919001354140647,0.30809986458593536
2,Katsina,Batagarawa,376,50012,22021,27991,0.5596856754378949,0.4403143245621051
2,Katsina,Batsari,643,51740,21271,30469,0.5888867413993042,0.4111132586006958
2,Katsina,Baure,536,59990,22428,37562,0.6261376896149359,0.3738623103850642
2,Katsina,Bindawa,480,48296,19068,29228,0.6051846943846281,0.39481530561537187
2,Katsina,Charanchi,301,46938,20540,26398,0.5624014657633474,0.4375985342366526
2,Katsina,Dan Musa,475,45182,17735,27447,0.607476428666283,0.39252357133371696
2,Katsina,Dandume,599,69858,22607,47251,0.6763863838071517,0.32361361619284834
2,Katsina,Danja,718,66207,30658,35549,0.5369371818689866,0.46306281813101335
2,Katsina,Daura,373,32797,11292,21505,0.655700216483215,0.3442997835167851
2,Katsina,Dutsi,456,34700,12623,22077,0.6362247838616715,0.36377521613832853
2,Katsina,Dutsin Ma,904,66644,23254,43390,0.6510713642638497,0.3489286357361503
2,Katsina,Faskari,509,35487,9738,25749,0.7255896525488207,0.2744103474511793
2,Katsina,Funtua,849,129995,56389,73606,0.566221777760683,0.4337782222393169
2,Katsina,Ingawa,490,49198,17309,31889,0.6481767551526485,0.3518232448473515
2,Katsina,Jibia,681,47995,18005,29990,0.6248567559120741,0.3751432440879258
2,Katsina,Kafur,613,71246,23939,47307,0.6639951716587598,0.33600482834124024
2,Katsina,Kaita,338,53907,14993,38914,0.7218728551023058,0.2781271448976942
2,Katsina,Kankara,752,44621,16249,28372,0.6358441092759015,0.36415589072409854
2,Katsina,Kankia,603,55356,20703,34653,0.6260026013440277,0.37399739865597226
2,Katsina,Katsina,1515,88119,30708,57411,0.6515166990092942,0.34848330099070574
2,Katsina,Kurfi,400,35670,12732,22938,0.6430613961312027,0.35693860386879733
2,Katsina,Kusada,452,35616,14253,21363,0.5998146900269542,0.4001853099730458
2,Katsina,Mai'adua,513,35182,10559,24623,0.6998749360468421,0.30012506395315786
2,Katsina,Malumfashi,734,72494,22117,50377,0.6949126824288907,0.30508731757110935
2,Katsina,Mani,814,56021,22257,33764,0.6027025579693329,0.3972974420306671
2,Katsina,Mashi,703,53020,20887,32133,0.6060543191248585,0.3939456808751415
2,Katsina,Matazu,663,33660,13653,20007,0.5943850267379679,0.4056149732620321
2,Katsina,Musawa,440,43902,16478,27424,0.6246640244180219,0.37533597558197807
2,Katsina,Rimi,466,50143,17639,32504,0.6482260734299903,0.3517739265700098
2,Katsina,Sabuwa,352,41943,17848,24095,0.5744701142026083,0.4255298857973917
2,Katsina,Safana,346,58722,20203,38519,0.65595517863832975,0.34404482136167025
2,Katsina,Sandamu,384,33600,10896,22704,0.6757142857142857,0.3242857142857143
2,Katsina,Zango,414,35271,13541,21730,0.6160868702333362,0.3839131297666638
2,Kebbi,Aleiro,139,19958,6722,13236,0.6631927046798276,0.33680729532017234
2,Kebbi,Arewa Dandi,896,30737,13757,16980,0.5524286690308098,0.4475713309691902
2,Kebbi,Argungu,757,19626,7648,11978,0.6103128503006217,0.3896871496993784
2,Kebbi,Augie,461,21740,7016,14724,0.677276908923643,0.32272309107635694
2,Kebbi,Bagudo,1041,42807,15754,27053,0.6319760786787207,0.36802392132127926
2,Kebbi,Bagudu,3,21,8,13,0.6190476190476191,0.38095238095238093
2,Kebbi,Birnin Kebbi,743,51390,20076,31314,0.6093403385872738,0.39065966141272623
2,Kebbi,Bunza,711,26175,10732,15443,0.5899904489016237,0.41000955109837633
2,Kebbi,Dandi,428,32335,11092,21243,0.6569661357661977,0.3430338642338024
2,Kebbi,Fakai,825,27516,7898,19618,0.7129670010175898,0.28703299898241025
2,Kebbi,Gwandu,566,39622,13962,25660,0.6476200090858614,0.35237999091413863
2,Kebbi,Jega,681,28271,12415,15856,0.5608574157263627,0.4391425842736373
2,Kebbi,Kalgo,485,20293,8069,12224,0.6023752032720643,0.3976247967279357
2,Kebbi,Koko-Besse,756,50019,20671,29348,0.5867370399248286,0.41326296007517144
2,Kebbi,Maiyama,458,44627,19463,25164,0.5638738880050194,0.43612611199498064
2,Kebbi,Ngaski,574,30978,10803,20175,0.6512686422622507,0.3487313577377494
2,Kebbi,Sakaba,613,32025,5919,26106,0.815175644028103,0.18482435597189695
2,Kebbi,Shanga,406,41213,16223,24990,0.6063620702205614,0.3936379297794385
2,Kebbi,Suru,649,30260,12304,17956,0.5933906146728354,0.40660938532716456
2,Kebbi,Wasagu-Danko,1249,57675,23384,34291,0.5945557000433463,0.40544429995665365
2,Kebbi,Yauri,499,26482,8631,17851,0.6740805075145382,0.3259194924854618
2,Kebbi,Zuru,650,12510,5511,6999,0.5594724220623501,0.4405275779376499
2,Sokoto,Binji,291,15558,7026,8532,0.5483995372155804,0.45160046278441957
2,Sokoto,Bodinga,585,35609,15581,20028,0.5624420792496279,0.4375579207503721
2,Sokoto,Dange Shuni,568,36038,15636,20402,0.5661246462067817,0.4338753537932183
2,Sokoto,Gada,862,56218,21127,35091,0.6241950976555551,0.37580490234444486
2,Sokoto,Goronyo,517,60627,17991,42636,0.7032510267702509,0.29674897322974914
2,Sokoto,Gudu,355,11947,4561,7386,0.6182305181217042,0.3817694818782958
2,Sokoto,Gwadabawa,536,33493,13037,20456,0.6107544860120026,0.3892455139879975
2,Sokoto,Illela,426,28375,10597,17778,0.6265374449339207,0.3734625550660793
2,Sokoto,Isa,427,37156,10615,26541,0.7143126278393799,0.28568737216062007
2,Sokoto,Kebbe,344,18763,7324,11439,0.6096573042690401,0.39034269573095987
2,Sokoto,Kware,621,59832,26811,33021,0.5518953068592057,0.4481046931407942
2,Sokoto,Rabah,326,31591,11694,19897,0.6298312810610617,0.3701687189389383
2,Sokoto,Sabon Birni,558,43901,13994,29907,0.6812373294457985,0.3187626705542015
2,Sokoto,Shagari,370,34260,10316,23944,0.6988908347927613,0.30110916520723874
2,Sokoto,Silame,373,19515,8131,11384,0.5833461439918012,0.4166538560081988
2,Sokoto,Sokoto North,328,32810,13385,19425,0.5920451081987199,0.4079548918012801
2,Sokoto,Sokoto South,434,29216,10817,18399,0.6297576670317634,0.3702423329682366
2,Sokoto,Tambuwal,578,41782,18685,23097,0.5527978555358767,0.4472021444641233
2,Sokoto,Tangaza,476,6916,2827,4089,0.5912377096587623,0.40876229034123773
2,Sokoto,Tureta,251,25926,8962,16964,0.6543238447890148,0.3456761552109851
2,Sokoto,Wamakko,631,48632,20614,28018,0.576122717552229,0.423877282447771
2,Sokoto,Wurno,399,30662,12779,17883,0.583230056747766,0.41676994325223404
2,Sokoto,Yabo,406,26731,12300,14431,0.5398600875388126,0.4601399124611874
2,Zamfara,Anka,330,37457,12924,24533,0.6549643591318045,0.34503564086819555
2,Zamfara,Bakura,437,43388,19455,23933,0.5516041301742417,0.4483958698257583
2,Zamfara,Birnin_magaji-Kiyaw,673,70761,24384,46377,0.6554034001780642,0.3445965998219358
2,Zamfara,Bukkuyum,612,49602,21405,28197,0.5684649812507561,0.431535018749244
2,Zamfara,Bungudu,549,57777,25172,32605,0.5643249043737127,0.43567509562628726
2,Zamfara,Gummi,569,62442,21599,40843,0.6540950001601487,0.3459049998398514
2,Zamfara,Gusau,930,106956,46173,60783,0.5682991136542129,0.43170088634578707
2,Zamfara,Kaura Namoda,598,80447,35731,44716,0.5558442204184121,0.44415577958158786
2,Zamfara,Maradun,388,41876,14687,27189,0.6492740471869328,0.3507259528130672
2,Zamfara,Maru,912,51588,21336,30252,0.5864154454524309,0.4135845545475692
2,Zamfara,Shinkafi,284,54110,21306,32804,0.6062465348364443,0.3937534651635557
2,Zamfara,Talata Mafara,702,63854,19703,44151,0.6914367150061077,0.3085632849938923
2,Zamfara,Tsafe,558,70504,22851,47653,0.6758907296039941,0.3241092703960059
2,Zamfara,Zurmi,851,61733,16690,45043,0.7296421686942154,0.2703578313057846
3,Jigawa,Auyo,283,29019,7113,21906,0.7548847306936834,0.24511526930631655
3,Jigawa,Babura,590,68811,19024,49787,0.7235325747336908,0.2764674252663092
3,Jigawa,Birnin Kudu,741,84417,24091,60326,0.7146190933105891,0.2853809066894109
3,Jigawa,Birniwa,810,39308,14118,25190,0.6408364709473898,0.3591635290526102
3,Jigawa,Buji,341,29635,11202,18433,0.6220010123165176,0.3779989876834824
3,Jigawa,Dutse,709,66651,21132,45519,0.6829454921906648,0.3170545078093352
3,Jigawa,Gagarawa,299,33992,8609,25383,0.7467345257707696,0.2532654742292304
3,Jigawa,Garki,447,45753,6073,39680,0.86726553450047,0.13273446549953008
3,Jigawa,Gumel,258,26081,7225,18856,0.722978413404394,0.277021586595606
3,Jigawa,Guri,484,25926,8029,17897,0.6903108848260433,0.30968911517395664
3,Jigawa,Gwaram,658,96879,36487,60392,0.6233755509449932,0.37662444905500675
3,Jigawa,Gwiwa,383,29849,5279,24570,0.8231431538745017,0.17685684612549835
3,Jigawa,Hadejia,127,35609,13891,21718,0.6099019910696734,0.3900980089303266
3,Jigawa,Jahun,852,53868,15622,38246,0.7099948021088587,0.2900051978911413
3,Jigawa,Kafin Hausa,898,50409,14029,36380,0.7216965224463885,0.27830347755361146
3,Jigawa,Kaugama,375,38848,12121,26727,0.6879890856672158,0.31201091433278416
3,Jigawa,Kazaure,324,50145,15341,34804,0.6940672051051949,0.30593279489480507
3,Jigawa,Kiri Kasama,513,41652,13547,28105,0.6747575146451551,0.3252424853548449
3,Jigawa,Kiyawa,744,47390,14082,33308,0.7028487022578603,0.2971512977421397
3,Jigawa,Maigatari,356,34408,8602,25806,0.75,0.25
3,Jigawa,Malam Madori,508,35915,12750,23165,0.6449951273841014,0.35500487261589864
3,Jigawa,Miga,396,35585,11114,24471,0.6876773921596178,0.3123226078403822
3,Jigawa,Ringim,472,61143,20422,40721,0.6659961074857301,0.3340038925142698
3,Jigawa,Roni,295,64903,13007,51896,0.799593239141488,0.20040676085851195
3,Jigawa,Sule Tankarkar,699,47801,14147,33654,0.7040438484550532,0.29595615154494676
3,Jigawa,Taura,296,45522,11999,33523,0.7364131628663064,0.2635868371336936
3,Jigawa,Yankwashi,259,17748,4023,13725,0.7733265720081136,0.22667342799188642
3,Kano,Ajingi,406,41271,15265,26006,0.6301276925686318,0.3698723074313683
3,Kano,Albasu,760,43495,11501,31994,0.735578802161168,0.26442119783883206
3,Kano,Bagwai,633,45911,13039,32872,0.7159939883688005,0.2840060116311995
3,Kano,Bebeji,870,49261,16314,32947,0.6688252370029029,0.3311747629970971
3,Kano,Bichi,871,67793,18704,49089,0.724101308394672,0.275898691605328
3,Kano,Bunkure,622,37446,9875,27571,0.7362869198312236,0.26371308016877637
3,Kano,Dala,1203,39358,7474,31884,0.8101021393363483,0.1898978606636516
3,Kano,Dambatta,744,51181,14586,36595,0.71501143002286,0.28498856997713995
3,Kano,Dawakin Kudu,854,62046,17064,44982,0.7249782419495213,0.2750217580504787
3,Kano,Dawakin Tofa,1062,54684,13350,41334,0.7558700899714724,0.24412991002852755
3,Kano,Doguwa,828,52337,14604,37733,0.720962225576552,0.279037774423448
3,Kano,Fagge,928,48454,8714,39740,0.8201593263714038,0.17984067362859618
3,Kano,Gabasawa,870,43901,12866,31035,0.7069315049771075,0.2930684950228924
3,Kano,Garko,611,37590,10895,26695,0.7101622772013834,0.28983772279861664
3,Kano,Garum Mallam,524,29702,6783,22919,0.7716315399636388,0.2283684600363612
3,Kano,Gaya,875,38112,12450,25662,0.673331234256927,0.3266687657430731
3,Kano,Gezawa,793,58005,15722,42283,0.728954400482717,0.271045599517283
3,Kano,Gwale,1198,70170,20091,50079,0.7136810602821718,0.2863189397178281
3,Kano,Gwarzo,725,51625,15424,36201,0.701230024213075,0.29876997578692494
3,Kano,Kabo,456,34194,7245,26949,0.788120722933848,0.21187927706615195
3,Kano,Kano Municipal,901,22240,3446,18794,0.8450539568345323,0.15494604316546762
3,Kano,Karaye,536,47854,17187,30667,0.6408450704225352,0.3591549295774648
3,Kano,Kibiya,593,37994,11330,26664,0.7017950202663579,0.29820497973364213
3,Kano,Kiru,741,65039,20517,44522,0.6845431202816772,0.31545687971832287
3,Kano,Kumbotso,2379,65409,18600,46809,0.7156354630096776,0.28436453699032244
3,Kano,Kunchi,161,26914,7931,18983,0.7053206509623244,0.29467934903767556
3,Kano,Kura,438,33025,11914,21111,0.6392429977289932,0.3607570022710068
3,Kano,Madobi,937,57164,14381,42783,0.7484255825344622,0.25157441746553777
3,Kano,Makoda,191,28177,7895,20282,0.7198069347340029,0.2801930652659971
3,Kano,Minjibir,915,60297,18801,41496,0.6881934424598238,0.3118065575401761
3,Kano,Nassarawa,1654,70341,17670,52671,0.7487951550304943,0.2512048449695057
3,Kano,Rano,504,33938,12139,21799,0.64231834521775,0.35768165478225
3,Kano,Rimin Gado,170,20634,5026,15608,0.7564214403411844,0.24357855965881556
3,Kano,Rogo,1036,44167,12984,31183,0.7060248601897344,0.2939751398102656
3,Kano,Shanono,453,35073,7022,28051,0.7997890114903202,0.2002109885096798
3,Kano,Sumaila,931,44190,15001,29189,0.6605340574790677,0.3394659425209323
3,Kano,Takai,679,36240,10771,25469,0.7027869757174393,0.2972130242825607
3,Kano,Tarauni,1030,38389,6305,32084,0.8357602438198443,0.16423975618015577
3,Kano,Tofa,440,26869,8834,18035,0.6712196211247162,0.3287803788752838
3,Kano,Tsanyawa,376,36552,9569,26983,0.7382085795578901,0.26179142044210985
3,Kano,Tudun Wada,644,55622,16721,38901,0.6993815396785444,0.30061846032145556
3,Kano,Ungogo,2515,106115,31181,74934,0.706158413042454,0.2938415869575461
3,Kano,Warawa,611,36143,11304,24839,0.6872423429156407,0.3127576570843594
3,Kano,Wudil,536,45593,19496,26097,0.5723904985414427,0.42760950145855725
3,Katsina,Bakori,978,76063,21091,54972,0.7227166953709425,0.2772833046290575
3,Katsina,Batagarawa,376,50012,19792,30220,0.6042549788050868,0.3957450211949132
3,Katsina,Batsari,643,51740,19226,32514,0.6284112872052571,0.3715887127947429
3,Katsina,Baure,536,59990,20644,39346,0.6558759793298883,0.34412402067011166
3,Katsina,Bindawa,480,48296,17006,31290,0.6478797415935067,0.3521202584064933
3,Katsina,Charanchi,301,46938,18682,28256,0.6019855980229238,0.39801440197707616
3,Katsina,Dan Musa,475,45182,15838,29344,0.6494621752025143,0.35053782479748574
3,Katsina,Dandume,599,69858,20729,49129,0.7032694895359157,0.2967305104640843
3,Katsina,Danja,718,66207,28428,37779,0.5706194209071548,0.42938057909284516
3,Katsina,Daura,373,32797,10320,22477,0.6853370735128212,0.3146629264871787
3,Katsina,Dutsi,456,34700,11524,23176,0.6678962536023054,0.3321037463976945
3,Katsina,Dutsin Ma,904,66644,21314,45330,0.6801812616289539,0.31981873837104613
3,Katsina,Faskari,509,35487,8977,26510,0.7470341251725984,0.25296587482740157
3,Katsina,Funtua,849,129995,51416,78579,0.6044770952728951,0.3955229047271049
3,Katsina,Ingawa,490,49198,15573,33625,0.683462742387902,0.31653725761209806
3,Katsina,Jibia,681,47995,16458,31537,0.6570892801333472,0.3429107198666528
3,Katsina,Kafur,613,71246,21862,49384,0.6931476854840973,0.30685231451590267
3,Katsina,Kaita,338,53907,13827,40080,0.7435026990928821,0.2564973009071178
3,Katsina,Kankara,752,44621,14763,29858,0.6691468142802717,0.3308531857197284
3,Katsina,Kankia,603,55356,18714,36642,0.6619336657272924,0.33806633427270755
3,Katsina,Katsina,1515,88119,27946,60173,0.6828606770390041,0.31713932296099595
3,Katsina,Kurfi,400,35670,11540,24130,0.6764788337538548,0.32352116624614524
3,Katsina,Kusada,452,35616,13077,22539,0.6328335579514824,0.3671664420485175
3,Katsina,Mai'adua,513,35182,9509,25673,0.7297197430504235,0.27028025694957647
3,Katsina,Malumfashi,734,72494,20146,52348,0.7221011394046404,0.2778988605953596
3,Katsina,Mani,814,56021,20094,35927,0.6413130790239374,0.35868692097606253
3,Katsina,Mashi,703,53020,19094,33926,0.6398717465107506,0.3601282534892493
3,Katsina,Matazu,663,33660,12452,21208,0.6300653594771242,0.36993464052287583
3,Katsina,Musawa,440,43902,15296,28606,0.6515876269873809,0.348412373012619
3,Katsina,Rimi,466,50143,16152,33991,0.677881259597551,0.322118740402449
3,Katsina,Sabuwa,352,41943,16417,25526,0.6085878454092459,0.3914121545907541
3,Katsina,Safana,346,58722,18313,40409,0.688140730901536,0.31185926909846395
3,Katsina,Sandamu,384,33600,9969,23631,0.7033035714285715,0.2966964285714286
3,Katsina,Zango,414,35271,12233,23038,0.6531711604434238,0.34682883955657623
3,Kebbi,Aleiro,139,19958,6219,13739,0.688395630824732,0.31160436917526807
3,Kebbi,Arewa Dandi,896,30737,12598,18139,0.5901356671112991,0.4098643328887009
3,Kebbi,Argungu,757,19626,6934,12692,0.6466931621318659,0.3533068378681341
3,Kebbi,Augie,461,21740,6524,15216,0.6999080036798528,0.3000919963201472
3,Kebbi,Bagudo,1041,42807,14509,28298,0.6610601069918471,0.33893989300815286
3,Kebbi,Bagudu,3,21,9,12,0.5714285714285714,0.42857142857142855
3,Kebbi,Birnin Kebbi,743,51390,18322,33068,0.6434714925082701,0.35652850749172993
3,Kebbi,Bunza,711,26175,9531,16644,0.6358739255014326,0.3641260744985673
3,Kebbi,Dandi,428,32335,9903,22432,0.6937374362146281,0.30626256378537187
3,Kebbi,Fakai,825,27516,7102,20414,0.7418956243640064,0.2581043756359936
3,Kebbi,Gwandu,566,39622,12819,26803,0.6764676189995457,0.3235323810004543
3,Kebbi,Jega,681,28271,10955,17316,0.6125004421491989,0.3874995578508012
3,Kebbi,Kalgo,485,20293,7514,12779,0.629724535554132,0.370275464445868
3,Kebbi,Koko-Besse,756,50019,18683,31336,0.6264819368639917,0.3735180631360083
3,Kebbi,Maiyama,458,44627,17812,26815,0.6008694288211173,0.39913057117888273
3,Kebbi,Ngaski,574,30978,9614,21364,0.6896507198657111,0.31034928013428886
3,Kebbi,Sakaba,613,32025,5528,26497,0.8273848555815769,0.1726151444184231
3,Kebbi,Shanga,406,41213,14492,26721,0.6483633804867396,0.35163661951326036
3,Kebbi,Suru,649,30260,11207,19053,0.6296430931923331,0.37035690680766686
3,Kebbi,Wasagu-Danko,1249,57675,21246,36429,0.6316254876462939,0.3683745123537061
3,Kebbi,Yauri,499,26482,7767,18715,0.706706442111623,0.293293557888377
3,Kebbi,Zuru,650,12510,5143,7367,0.5888888888888889,0.4111111111111111
3,Sokoto,Binji,291,15558,6594,8964,0.5761666023910529,0.42383339760894717
3,Sokoto,Bodinga,585,35609,14053,21556,0.6053525794040833,0.3946474205959168
3,Sokoto,Dange Shuni,568,36038,14148,21890,0.6074143959154226,0.3925856040845774
3,Sokoto,Gada,862,56218,19296,36922,0.6567647372727596,0.34323526272724036
3,Sokoto,Goronyo,517,60627,16361,44266,0.730136737757105,0.2698632622428951
3,Sokoto,Gudu,355,11947,4180,7767,0.6501213693814347,0.34987863061856533
3,Sokoto,Gwadabawa,536,33493,11798,21695,0.6477472904786075,0.35225270952139254
3,Sokoto,Illela,426,28375,9447,18928,0.6670660792951542,0.33293392070484584
3,Sokoto,Isa,427,37156,10041,27115,0.7297610076434492,0.27023899235655074
3,Sokoto,Kebbe,344,18763,6627,12136,0.6468048819485157,0.3531951180514843
3,Sokoto,Kware,621,59832,24119,35713,0.5968879529348844,0.40311204706511566
3,Sokoto,Rabah,326,31591,10688,20903,0.6616757937387231,0.33832420626127696
3,Sokoto,Sabon Birni,558,43901,12625,31276,0.7124211293592401,0.2875788706407599
3,Sokoto,Shagari,370,34260,9551,24709,0.7212200817279626,0.27877991827203735
3,Sokoto,Silame,373,19515,7397,12118,0.6209582372533948,0.37904176274660517
3,Sokoto,Sokoto North,328,32810,12198,20612,0.6282231027125876,0.37177689728741237
3,Sokoto,Sokoto South,434,29216,9685,19531,0.6685035596933188,0.3314964403066813
3,Sokoto,Tambuwal,578,41782,16976,24806,0.5937006366377866,0.4062993633622134
3,Sokoto,Tangaza,476,6916,2543,4373,0.6323019086176981,0.3676980913823019
3,Sokoto,Tureta,251,25926,8296,17630,0.6800123428218776,0.31998765717812233
3,Sokoto,Wamakko,631,48632,18671,29961,0.6160758348412568,0.3839241651587432
3,Sokoto,Wurno,399,30662,11683,18979,0.618974626573609,0.381025373426391
3,Sokoto,Yabo,406,26731,11135,15596,0.5834424451011934,0.41655755489880664
3,Zamfara,Anka,330,37457,12211,25246,0.6739995194489682,0.32600048055103187
3,Zamfara,Bakura,437,43388,17578,25810,0.59486493961464,0.40513506038536
3,Zamfara,Birnin_magaji-Kiyaw,673,70761,22255,48506,0.6854905951018216,0.31450940489817836
3,Zamfara,Bukkuyum,612,49602,19403,30199,0.6088262570057659,0.39117374299423413
3,Zamfara,Bungudu,549,57777,22783,34994,0.6056735379130104,0.3943264620869896
3,Zamfara,Gummi,569,62442,19548,42894,0.686941481695013,0.31305851830498704
3,Zamfara,Gusau,930,106956,42112,64844,0.6062679980552751,0.3937320019447249
3,Zamfara,Kaura Namoda,598,80447,32967,47480,0.5902022449563067,0.40979775504369337
3,Zamfara,Maradun,388,41876,13232,28644,0.6840194861018244,0.31598051389817555
3,Zamfara,Maru,912,51588,19339,32249,0.6251259982941769,0.3748740017058231
3,Zamfara,Shinkafi,284,54110,19281,34829,0.6436703012382184,0.35632969876178155
3,Zamfara,Talata Mafara,702,63854,17684,46170,0.7230557208632192,0.27694427913678077
3,Zamfara,Tsafe,558,70504,20701,49803,0.7063854533076137,0.29361454669238624
3,Zamfara,Zurmi,851,61733,15211,46522,0.7536001814264656,0.2463998185735344
4,Jigawa,Auyo,283,29019,6533,22486,0.77487163582480445,0.22512836417519555
4,Jigawa,Babura,590,68811,17614,51197,0.7440234846172851,0.255976515382715
4,Jigawa,Birnin Kudu,741,84417,21884,62533,0.7407631164338937,0.25923688356610636
4,Jigawa,Birniwa,810,39308,12921,26387,0.6712882873715275,0.3287117126284726
4,Jigawa,Buji,341,29635,10246,19389,0.6542601653450312,0.34573983465496877
4,Jigawa,Dutse,709,66651,19020,47631,0.7146329387406041,0.285367061259396
4,Jigawa,Gagarawa,299,33992,7755,26237,0.7718580842551188,0.22814191574488116
4,Jigawa,Garki,447,45753,5503,40250,0.8797237339628002,0.12027626603719975
4,Jigawa,Gumel,258,26081,6481,19600,0.7515049269583222,0.24849507304167784
4,Jigawa,Guri,484,25926,7389,18537,0.7149965285813469,0.28500347141865306
4,Jigawa,Gwaram,658,96879,33484,63395,0.6543729807285377,0.34562701927146233
4,Jigawa,Gwiwa,383,29849,4764,25085,0.8403966632047974,0.15960333679520253
4,Jigawa,Hadejia,127,35609,12726,22883,0.6426184391586397,0.35738156084136036
4,Jigawa,Jahun,852,53868,13816,40052,0.7435211999702978,0.25647880002970225
4,Jigawa,Kafin Hausa,898,50409,13089,37320,0.7403439861929417,0.2596560138070583
4,Jigawa,Kaugama,375,38848,10914,27934,0.7190588962108732,0.28094110378912684
4,Jigawa,Kazaure,324,50145,13965,36180,0.7215076278791505,0.27849237212084954
4,Jigawa,Kiri Kasama,513,41652,12211,29441,0.7068328051474119,0.29316719485258813
4,Jigawa,Kiyawa,744,47390,12711,34679,0.7317788562987972,0.26822114370120276
4,Jigawa,Maigatari,356,34408,7792,26616,0.7735410369681469,0.22645896303185306
4,Jigawa,Malam Madori,508,35915,11654,24261,0.6755116246693582,0.3244883753306418
4,Jigawa,Miga,396,35585,10203,25382,0.7132780666010959,0.286721933398904
4,Jigawa,Ringim,472,61143,18368,42775,0.6995894869404511,0.3004105130595489
4,Jigawa,Roni,295,64903,11768,53135,0.8186832657966504,0.18131673420334962
4,Jigawa,Sule Tankarkar,699,47801,12812,34989,0.7319721344741742,0.2680278655258258
4,Jigawa,Taura,296,45522,10993,34529,0.7585123676464127,0.24148763235358728
4,Jigawa,Yankwashi,259,17748,3708,14040,0.7910750507099391,0.20892494929006086
4,Kano,Ajingi,406,41271,13797,27474,0.6656974631096896,0.33430253689031036
4,Kano,Albasu,760,43495,10383,33112,0.7612829060811588,0.23871709391884124
4,Kano,Bagwai,633,45911,12018,33893,0.7382326675524384,0.26176733244756156
4,Kano,Bebeji,870,49261,14707,34554,0.7014473924605672,0.2985526075394328
4,Kano,Bichi,871,67793,17057,50736,0.7483958520791232,0.25160414792087676
4,Kano,Bunkure,622,37446,8923,28523,0.7617101960155958,0.23828980398440422
4,Kano,Dala,1203,39358,6669,32689,0.8305554144011382,0.16944458559886172
4,Kano,Dambatta,744,51181,13343,37838,0.7392977862878802,0.2607022137121197
4,Kano,Dawakin Kudu,854,62046,15604,46442,0.7485091706153499,0.2514908293846501
4,Kano,Dawakin Tofa,1062,54684,12188,42496,0.7771194499305099,0.22288055006949017
4,Kano,Doguwa,828,52337,13286,39051,0.7461451745419111,0.2538548254580889
4,Kano,Fagge,928,48454,7823,40631,0.8385479011020762,0.1614520988979238
4,Kano,Gabasawa,870,43901,11931,31970,0.7282294252978292,0.2717705747021708
4,Kano,Garko,611,37590,9812,27778,0.7389731311519021,0.2610268688480979
4,Kano,Garum Mallam,524,29702,6441,23261,0.7831459160999259,0.21685408390007407
4,Kano,Gaya,875,38112,11126,26986,0.7080709487825357,0.2919290512174643
4,Kano,Gezawa,793,58005,14086,43919,0.7571588656150332,0.24284113438496682
4,Kano,Gwale,1198,70170,18200,51970,0.7406298988171583,0.25937010118284165
4,Kano,Gwarzo,725,51625,14428,37197,0.7205230024213075,0.2794769975786925
4,Kano,Kabo,456,34194,6775,27419,0.8018658244136398,0.19813417558636018
4,Kano,Kano Municipal,901,22240,3192,19048,0.8564748201438849,0.1435251798561151
4,Kano,Karaye,536,47854,15699,32155,0.6719396497680444,0.3280603502319555
4,Kano,Kibiya,593,37994,10385,27609,0.7266673685318734,0.27333263146812653
4,Kano,Kiru,741,65039,18762,46277,0.7115269299958487,0.28847307000415134
4,Kano,Kumbotso,2379,65409,17258,48151,0.736152517237689,0.263847482762311
4,Kano,Kunchi,161,26914,7297,19617,0.7288771643011073,0.2711228356988928
4,Kano,Kura,438,33025,11021,22004,0.6662831188493565,0.33371688115064346
4,Kano,Madobi,937,57164,13014,44150,0.7723392344832412,0.2276607655167588
4,Kano,Makoda,191,28177,7254,20923,0.7425559853781453,0.2574440146218547
4,Kano,Minjibir,915,60297,17286,43011,0.7133190706005273,0.2866809293994726
4,Kano,Nassarawa,1654,70341,16265,54076,0.7687692810736271,0.23123071892637295
4,Kano,Rano,504,33938,11287,22651,0.6674229477282103,0.33257705227178974
4,Kano,Rimin Gado,170,20634,4508,16126,0.781525637297664,0.21847436270233594
4,Kano,Rogo,1036,44167,11822,32345,0.7323340955917313,0.2676659044082686
4,Kano,Shanono,453,35073,6332,28741,0.8194622644199242,0.18053773558007585
4,Kano,Sumaila,931,44190,13473,30717,0.695112016293279,0.304887983706721
4,Kano,Takai,679,36240,9810,26430,0.7293046357615894,0.2706953642384106
4,Kano,Tarauni,1030,38389,5825,32564,0.8482638255750345,0.15173617442496548
4,Kano,Tofa,440,26869,7909,18960,0.7056459116453906,0.2943540883546094
4,Kano,Tsanyawa,376,36552,8677,27875,0.7626121689647626,0.23738783103523747
4,Kano,Tudun Wada,644,55622,15432,40190,0.7225558232354105,0.27744417676458955
4,Kano,Ungogo,2515,106115,28082,78033,0.7353625783348254,0.26463742166517457
4,Kano,Warawa,611,36143,10512,25631,0.7091552997814238,0.2908447002185762
4,Kano,Wudil,536,45593,17799,27794,0.6096111245147281,0.39038887548527185
4,Katsina,Bakori,978,76063,19430,56633,0.7445538566714434,0.2554461433285566
4,Katsina,Batagarawa,376,50012,18106,31906,0.6379668879468927,0.36203311205310723
4,Katsina,Batsari,643,51740,17538,34202,0.6610359489756474,0.3389640510243525
4,Katsina,Baure,536,59990,18534,41456,0.6910485080846808,0.30895149191531923
4,Katsina,Bindawa,480,48296,15618,32678,0.6766191817127712,0.32338081828722876
4,Katsina,Charanchi,301,46938,16791,30147,0.642272785376454,0.35772721462354595
4,Katsina,Dan Musa,475,45182,14784,30398,0.6727900491346112,0.3272099508653889
4,Katsina,Dandume,599,69858,18630,51228,0.7333161556299923,0.26668384437000775
4,Katsina,Danja,718,66207,25897,40310,0.6088480070083224,0.39115199299167763
4,Katsina,Daura,373,32797,9369,23428,0.7143336280757386,0.28566637192426136
4,Katsina,Dutsi,456,34700,10396,24304,0.7004034582132564,0.2995965417867435
4,Katsina,Dutsin Ma,904,66644,19441,47203,0.7082858171778404,0.29171418282215955
4,Katsina,Faskari,509,35487,8202,27285,0.7688731084622538,0.2311268915377462
4,Katsina,Funtua,849,129995,46699,83296,0.6407631062733182,0.35923689372668177
4,Katsina,Ingawa,490,49198,14361,34837,0.7080978901581365,0.2919021098418635
4,Katsina,Jibia,681,47995,14852,33143,0.6905510990728201,0.3094489009271799
4,Katsina,Kafur,613,71246,19607,51639,0.7247985851837296,0.27520141481627036
4,Katsina,Kaita,338,53907,12340,41567,0.7710872428441575,0.22891275715584247
4,Katsina,Kankara,752,44621,13326,31295,0.7013513816364492,0.2986486183635508
4,Katsina,Kankia,603,55356,16959,38397,0.6936375460654671,0.3063624539345328
4,Katsina,Katsina,1515,88119,25674,62445,0.7086439927824874,0.2913560072175127
4,Katsina,Kurfi,400,35670,10664,25006,0.7010372862349313,0.29896271376506867
4,Katsina,Kusada,452,35616,11756,23860,0.6699236298292902,0.3300763701707098
4,Katsina,Mai'adua,513,35182,8789,26393,0.7501847535671651,0.24981524643283498
4,Katsina,Malumfashi,734,72494,18226,54268,0.7485860898833007,0.25141391011669934
4,Katsina,Mani,814,56021,18425,37596,0.6711054783027793,0.32889452169722067
4,Katsina,Mashi,703,53020,16997,36023,0.679422859298378,0.320577140701622
4,Katsina,Matazu,663,33660,11276,22384,0.6650029708853238,0.33499702911467616
4,Katsina,Musawa,440,43902,13651,30251,0.6890574461300168,0.31094255386998315
4,Katsina,Rimi,466,50143,14815,35328,0.7045450012962926,0.2954549987037074
4,Katsina,Sabuwa,352,41943,14974,26969,0.642991679183654,0.357008320816346
4,Katsina,Safana,346,58722,16681,42041,0.7159326998399237,0.2840673001600763
4,Katsina,Sandamu,384,33600,9105,24495,0.7290178571428572,0.27098214285714284
4,Katsina,Zango,414,35271,11317,23954,0.6791415043520173,0.32085849564798274
4,Kebbi,Aleiro,139,19958,5622,14336,0.7183084477402545,0.28169155225974546
4,Kebbi,Arewa Dandi,896,30737,11472,19265,0.626769040569997,0.37323095943000295
4,Kebbi,Argungu,757,19626,6197,13429,0.684245388769999,0.31575461123000104
4,Kebbi,Augie,461,21740,5972,15768,0.7252989880404784,0.2747010119595216
4,Kebbi,Bagudo,1041,42807,13183,29624,0.692036349195225,0.30796365080477495
4,Kebbi,Bagudu,3,21,6,15,0.7142857142857143,0.2857142857142857
4,Kebbi,Birnin Kebbi,743,51390,16626,34764,0.6764740221833041,0.32352597781669584
4,Kebbi,Bunza,711,26175,8649,17526,0.6695702005730659,0.3304297994269341
4,Kebbi,Dandi,428,32335,9054,23281,0.7199938147518169,0.2800061852481831
4,Kebbi,Fakai,825,27516,6448,21068,0.7656636138973688,0.2343363861026312
4,Kebbi,Gwandu,566,39622,11664,27958,0.705618090959568,0.2943819090404321
4,Kebbi,Jega,681,28271,10196,18075,0.6393477415018924,0.3606522584981076
4,Kebbi,Kalgo,485,20293,6679,13614,0.6708717291676933,0.3291282708323067
4,Kebbi,Koko-Besse,756,50019,17079,32940,0.658549751094584,0.3414502489054159
4,Kebbi,Maiyama,458,44627,15882,28745,0.6441167902839089,0.35588320971609116
4,Kebbi,Ngaski,574,30978,8977,22001,0.7102137000451934,0.28978629995480665
4,Kebbi,Sakaba,613,32025,4798,27227,0.8501795472287276,0.14982045277127246
4,Kebbi,Shanga,406,41213,13431,27782,0.6741076844684929,0.32589231553150705
4,Kebbi,Suru,649,30260,10115,20145,0.6657303370786517,0.3342696629213483
4,Kebbi,Wasagu-Danko,1249,57675,19352,38323,0.6644646727351539,0.33553532726484614
4,Kebbi,Yauri,499,26482,7038,19444,0.7342345744279133,0.2657654255720867
4,Kebbi,Zuru,650,12510,4598,7912,0.6324540367705835,0.36754596322941646
4,Sokoto,Binji,291,15558,5831,9727,0.6252088957449544,0.37479110425504564
4,Sokoto,Bodinga,585,35609,12974,22635,0.6356539077199584,0.36434609228004156
4,Sokoto,Dange Shuni,568,36038,12814,23224,0.6444308785171208,0.35556912148287917
4,Sokoto,Gada,862,56218,17345,38873,0.6914689245437404,0.3085310754562596
4,Sokoto,Goronyo,517,60627,15061,45566,0.7515793293417125,0.24842067065828757
4,Sokoto,Gudu,355,11947,3809,8138,0.6811751904243744,0.3188248095756257
4,Sokoto,Gwadabawa,536,33493,10866,22627,0.6755740005374258,0.3244259994625743
4,Sokoto,Illela,426,28375,8702,19673,0.6933215859030837,0.3066784140969163
4,Sokoto,Isa,427,37156,8899,28257,0.7604962859295942,0.23950371407040585
4,Sokoto,Kebbe,344,18763,6126,12637,0.6735063689175504,0.3264936310824495
4,Sokoto,Kware,621,59832,21985,37847,0.6325544858938361,0.36744551410616394
4,Sokoto,Rabah,326,31591,9643,21948,0.6947548352378842,0.3052451647621158
4,Sokoto,Sabon Birni,558,43901,11377,32524,0.7408487278194119,0.25915127218058814
4,Sokoto,Shagari,370,34260,8594,25666,0.7491535318155284,0.2508464681844717
4,Sokoto,Silame,373,19515,6657,12858,0.6588777863182168,0.34112221368178325
4,Sokoto,Sokoto North,328,32810,10971,21839,0.6656202377323986,0.33437976226760135
4,Sokoto,Sokoto South,434,29216,8842,20374,0.6973576122672508,0.30264238773274915
4,Sokoto,Tambuwal,578,41782,15483,26299,0.6294337274424393,0.3705662725575607
4,Sokoto,Tangaza,476,6916,2240,4676,0.6761133603238867,0.32388663967611336
4,Sokoto,Tureta,251,25926,7556,18370,0.7085551184139474,0.2914448815860526
4,Sokoto,Wamakko,631,48632,16808,31824,0.6543839447277513,0.3456160552722487
4,Sokoto,Wurno,399,30662,10569,20093,0.655306242254256,0.3446937577457439
4,Sokoto,Yabo,406,26731,10317,16414,0.6140436197673114,0.38595638023268863
4,Zamfara,Anka,330,37457,11211,26246,0.7006967989961823,0.2993032010038177
4,Zamfara,Bakura,437,43388,15891,27497,0.633746658062137,0.366253341937863
4,Zamfara,Birnin_magaji-Kiyaw,673,70761,20211,50550,0.7143765633611735,0.28562343663882644
4,Zamfara,Bukkuyum,612,49602,17484,32118,0.6475142131365671,0.3524857868634329
4,Zamfara,Bungudu,549,57777,20592,37185,0.6435952022431071,0.3564047977568929
4,Zamfara,Gummi,569,62442,17889,44553,0.7135101374075141,0.2864898625924858
4,Zamfara,Gusau,930,106956,38224,68732,0.6426193948913572,0.3573806051086428
4,Zamfara,Kaura Namoda,598,80447,30058,50389,0.626362698422564,0.3736373015774361
4,Zamfara,Maradun,388,41876,12280,29596,0.7067532715636642,0.29324672843633587
4,Zamfara,Maru,912,51588,17847,33741,0.6540474528960223,0.34595254710397766
4,Zamfara,Shinkafi,284,54110,17594,36516,0.6748475328035484,0.3251524671964517
4,Zamfara,Talata Mafara,702,63854,16259,47595,0.745372255457763,0.25462774454223697
4,Zamfara,Tsafe,558,70504,18727,51777,0.7343838647452626,0.2656161352547373
4,Zamfara,Zurmi,851,61733,14016,47717,0.7729577373527935,0.2270422626472065
5,Jigawa,Auyo,283,29019,5923,23096,0.7958923463937421,0.20410765360625796
5,Jigawa,Babura,590,68811,16217,52594,0.7643254712182646,0.23567452878173548
5,Jigawa,Birnin Kudu,741,84417,19729,64688,0.7662911498868711,0.23370885011312886
5,Jigawa,Birniwa,810,39308,11694,27614,0.7025033072148164,0.2974966927851837
5,Jigawa,Buji,341,29635,9282,20353,0.6867892694449131,0.3132107305550869
5,Jigawa,Dutse,709,66651,17643,49008,0.7352927938065446,0.26470720619345545
5,Jigawa,Gagarawa,299,33992,7349,26643,0.7838020710755472,0.2161979289244528
5,Jigawa,Garki,447,45753,5181,40572,0.8867615238345027,0.11323847616549734
5,Jigawa,Gumel,258,26081,6117,19964,0.7654614470304053,0.23453855296959472
5,Jigawa,Guri,484,25926,6615,19311,0.7448507289979172,0.25514927100208284
5,Jigawa,Gwaram,658,96879,30294,66585,0.687300653392376,0.31269934660762394
5,Jigawa,Gwiwa,383,29849,4096,25753,0.8627759723943851,0.13722402760561492
5,Jigawa,Hadejia,127,35609,11501,24108,0.6770198545311579,0.32298014546884213
5,Jigawa,Jahun,852,53868,12814,41054,0.7621222246974085,0.23787777530259152
5,Jigawa,Kafin Hausa,898,50409,11953,38456,0.7628796445079252,0.23712035549207483
5,Jigawa,Kaugama,375,38848,9949,28899,0.7438992998352554,0.2561007001647446
5,Jigawa,Kazaure,324,50145,12780,37365,0.7451390966198026,0.2548609033801974
5,Jigawa,Kiri Kasama,513,41652,11265,30387,0.7295447997695189,0.27045520023048114
5,Jigawa,Kiyawa,744,47390,11776,35614,0.7515087571217557,0.24849124287824437
5,Jigawa,Maigatari,356,34408,6789,27619,0.8026912345966054,0.19730876540339456
5,Jigawa,Malam Madori,508,35915,10583,25332,0.7053320339690937,0.2946679660309063
5,Jigawa,Miga,396,35585,9320,26265,0.7380918926513981,0.2619081073486019
5,Jigawa,Ringim,472,61143,16516,44627,0.7298791357964117,0.27012086420358833
5,Jigawa,Roni,295,64903,10623,54280,0.8363249772737777,0.1636750227262222
5,Jigawa,Sule Tankarkar,699,47801,11771,36030,0.7537499215497584,0.24625007845024163
5,Jigawa,Taura,296,45522,10065,35457,0.7788981151970475,0.22110188480295243
5,Jigawa,Yankwashi,259,17748,3418,14330,0.8074149199909849,0.1925850800090151
5,Kano,Ajingi,406,41271,12777,28494,0.6904121538126045,0.3095878461873955
5,Kano,Albasu,760,43495,9437,34058,0.7830325324749972,0.21696746752500287
5,Kano,Bagwai,633,45911,10753,35158,0.765785977216789,0.234214022783211
5,Kano,Bebeji,870,49261,13542,35719,0.7250969326647855,0.27490306733521447
5,Kano,Bichi,871,67793,15781,52012,0.7672178543507442,0.2327821456492558
5,Kano,Bunkure,622,37446,8216,29230,0.7805907172995781,0.21940928270042195
5,Kano,Dala,1203,39358,6149,33209,0.8437674678591391,0.1562325321408608
5,Kano,Dambatta,744,51181,12123,39058,0.7631347570387449,0.23686524296125516
5,Kano,Dawakin Kudu,854,62046,14055,47991,0.7734745189053283,0.2265254810946717
5,Kano,Dawakin Tofa,1062,54684,11238,43446,0.7944919903445249,0.20550800965547508
5,Kano,Doguwa,828,52337,12310,40027,0.7647935494965321,0.23520645050346792
5,Kano,Fagge,928,48454,7207,41247,0.8512609898047633,0.14873901019523672
5,Kano,Gabasawa,870,43901,10984,32917,0.7498006879114371,0.2501993120885629
5,Kano,Garko,611,37590,8909,28681,0.7629954775206171,0.2370045224793828
5,Kano,Garum Mallam,524,29702,5754,23948,0.8062756716719413,0.19372432832805872
5,Kano,Gaya,875,38112,10361,27751,0.7281433669185559,0.27185663308144414
5,Kano,Gezawa,793,58005,13074,44931,0.7746056374450478,0.22539436255495215
5,Kano,Gwale,1198,70170,16543,53627,0.7642439789083654,0.2357560210916346
5,Kano,Gwarzo,725,51625,12803,38822,0.752,0.248
5,Kano,Kabo,456,34194,6084,28110,0.8220740480786103,0.1779259519213897
5,Kano,Kano Municipal,901,22240,2966,19274,0.86663669064748206,0.13336330935251797
5,Kano,Karaye,536,47854,14392,33462,0.6992518911689722,0.3007481088310277
5,Kano,Kibiya,593,37994,9487,28507,0.7503026793704269,0.2496973206295731
5,Kano,Kiru,741,65039,16963,48076,0.7391872568766432,0.2608127431233568
5,Kano,Kumbotso,2379,65409,15524,49885,0.7626626305248513,0.2373373694751487
5,Kano,Kunchi,161,26914,6601,20313,0.7547373114364271,0.24526268856357286
5,Kano,Kura,438,33025,10029,22996,0.69632096896290685,0.3036790310370931
5,Kano,Madobi,937,57164,11946,45218,0.7910223217409559,0.20897767825904415
5,Kano,Makoda,191,28177,6799,21378,0.7587039074422401,0.24129609255775988
5,Kano,Minjibir,915,60297,15480,44817,0.7432708094930096,0.2567291905069904
5,Kano,Nassarawa,1654,70341,14712,55629,0.7908474431697019,0.20915255683029813
5,Kano,Rano,504,33938,10023,23915,0.7046673345512405,0.2953326654487595
5,Kano,Rimin Gado,170,20634,4105,16529,0.8010565086750024,0.19894349132499758
5,Kano,Rogo,1036,44167,10943,33224,0.7522358321823986,0.24776416781760138
5,Kano,Shanono,453,35073,5582,29491,0.8408462349955806,0.15915376500441936
5,Kano,Sumaila,931,44190,12225,31965,0.7233536999321113,0.27664630006788865
5,Kano,Takai,679,36240,8847,27393,0.7558774834437086,0.24412251655629139
5,Kano,Tarauni,1030,38389,5179,33210,0.8650915626872281,0.13490843731277188
5,Kano,Tofa,440,26869,7342,19527,0.7267482972942797,0.27325170270572036
5,Kano,Tsanyawa,376,36552,7695,28857,0.7894780039395929,0.21052199606040709
5,Kano,Tudun Wada,644,55622,13753,41869,0.7527417209018015,0.24725827909819856
5,Kano,Ungogo,2515,106115,25612,80503,0.75863921217547,0.24136078782453
5,Kano,Warawa,611,36143,9472,26671,0.7379298896051795,0.2620701103948206
5,Kano,Wudil,536,45593,16290,29303,0.6427083104862589,0.35729168951374113
5,Katsina,Bakori,978,76063,17716,58347,0.7670878087900819,0.2329121912099181
5,Katsina,Batagarawa,376,50012,16571,33441,0.6686595217147885,0.33134047828521157
5,Katsina,Batsari,643,51740,16036,35704,0.6900657131812911,0.30993428681870894
5,Katsina,Baure,536,59990,16863,43127,0.7189031505250875,0.2810968494749125
5,Katsina,Bindawa,480,48296,14003,34293,0.7100588040417426,0.2899411959582574
5,Katsina,Charanchi,301,46938,15480,31458,0.6702032468362521,0.3297967531637479
5,Katsina,Dan Musa,475,45182,13218,31964,0.7074498694170245,0.2925501305829755
5,Katsina,Dandume,599,69858,16724,53134,0.7606000744367145,0.23939992556328551
5,Katsina,Danja,718,66207,23444,42763,0.6458984699503074,0.35410153004969264
5,Katsina,Daura,373,32797,8493,24304,0.7410433881147666,0.2589566118852334
5,Katsina,Dutsi,456,34700,9526,25174,0.7254755043227665,0.2745244956772334
5,Katsina,Dutsin Ma,904,66644,17760,48884,0.7335093931936858,0.26649060680631415
5,Katsina,Faskari,509,35487,7467,28020,0.7895849184208301,0.21041508157916983
5,Katsina,Funtua,849,129995,42288,87707,0.6746951805838686,0.3253048194161314
5,Katsina,Ingawa,490,49198,13216,35982,0.7313711939509736,0.2686288060490264
5,Katsina,Jibia,681,47995,13731,34264,0.7139076987186165,0.28609230128138347
5,Katsina,Kafur,613,71246,17952,53294,0.7480279594643909,0.251972040535609
5,Katsina,Kaita,338,53907,11272,42635,0.790899141113399,0.209100858886601
5,Katsina,Kankara,752,44621,12014,32607,0.7307545774411152,0.26924542255888484
5,Katsina,Kankia,603,55356,15387,39969,0.7220355517017125,0.2779644482982874
5,Katsina,Katsina,1515,88119,22986,65133,0.7391481973240731,0.2608518026759269
5,Katsina,Kurfi,400,35670,9380,26290,0.7370339220633586,0.26296607793664145
5,Katsina,Kusada,452,35616,10866,24750,0.6949123989218329,0.3050876010781671
5,Katsina,Mai'adua,513,35182,7837,27345,0.7772440452504121,0.22275595474958787
5,Katsina,Malumfashi,734,72494,16676,55818,0.7699671696968025,0.23003283030319752
5,Katsina,Mani,814,56021,16672,39349,0.7023973152924796,0.2976026847075204
5,Katsina,Mashi,703,53020,15692,37328,0.7040362127499057,0.2959637872500943
5,Katsina,Matazu,663,33660,10203,23457,0.6968805704099822,0.3031194295900178
5,Katsina,Musawa,440,43902,12567,31335,0.7137488041547082,0.2862511958452918
5,Katsina,Rimi,466,50143,13282,36861,0.7351175637676246,0.2648824362323754
5,Katsina,Sabuwa,352,41943,13516,28427,0.6777531411677753,0.3222468588322247
5,Katsina,Safana,346,58722,14930,43792,0.7457511665134021,0.2542488334865979
5,Katsina,Sandamu,384,33600,8284,25316,0.753452380952381,0.24654761904761904
5,Katsina,Zango,414,35271,10272,24999,0.7087692438547248,0.29123075614527516
5,Kebbi,Aleiro,139,19958,5168,14790,0.7410562180579217,0.25894378194207834
5,Kebbi,Arewa Dandi,896,30737,10555,20182,0.6566027914240167,0.3433972085759833
5,Kebbi,Argungu,757,19626,5525,14101,0.7184856822582288,0.2815143177417711
5,Kebbi,Augie,461,21740,5395,16345,0.7518399264029438,0.2481600735970561
5,Kebbi,Bagudo,1041,42807,11960,30847,0.720606442871493,0.279393557128507
5,Kebbi,Bagudu,3,21,10,11,0.5238095238095238,0.47619047619047616
5,Kebbi,Birnin Kebbi,743,51390,15207,36183,0.7040863981319323,0.2959136018680677
5,Kebbi,Bunza,711,26175,7916,18259,0.6975740210124164,0.30242597898758355
5,Kebbi,Dandi,428,32335,8416,23919,0.7397247564558528,0.2602752435441472
5,Kebbi,Fakai,825,27516,5905,21611,0.785397586858555,0.214602413141445
5,Kebbi,Gwandu,566,39622,10752,28870,0.7286356064812478,0.2713643935187522
5,Kebbi,Jega,681,28271,9245,19026,0.6729864525485479,0.327013547451452
5,Kebbi,Kalgo,485,20293,6045,14248,0.7021140294682896,0.29788597053171045
5,Kebbi,Koko-Besse,756,50019,15568,34451,0.6887582718566945,0.31124172814330553
5,Kebbi,Maiyama,458,44627,14880,29747,0.6665695655096691,0.33343043449033094
5,Kebbi,Ngaski,574,30978,8085,22893,0.7390083284911872,0.2609916715088127
5,Kebbi,Sakaba,613,32025,4545,27480,0.8580796252927401,0.14192037470725996
5,Kebbi,Shanga,406,41213,12111,29102,0.7061364132676583,0.29386358673234175
5,Kebbi,Suru,649,30260,9293,20967,0.6928949107732981,0.30710508922670193
5,Kebbi,Wasagu-Danko,1249,57675,17314,40361,0.6998006068487213,0.3001993931512787
5,Kebbi,Yauri,499,26482,6426,20056,0.7573446114341817,0.24265538856581828
5,Kebbi,Zuru,650,12510,4181,8329,0.6657873701039169,0.33421262989608314
5,Sokoto,Binji,291,15558,5203,10355,0.6655739812315208,0.3344260187684792
5,Sokoto,Bodinga,585,35609,11749,23860,0.6700553230924766,0.3299446769075234
5,Sokoto,Dange Shuni,568,36038,11645,24393,0.6768688606470947,0.32313113935290527
5,Sokoto,Gada,862,56218,16033,40185,0.714806645558362,0.2851933544416379
5,Sokoto,Goronyo,517,60627,13704,46923,0.7739620960957989,0.2260379039042011
5,Sokoto,Gudu,355,11947,3485,8462,0.7082949694483971,0.2917050305516029
5,Sokoto,Gwadabawa,536,33493,9763,23730,0.7085062550383662,0.29149374496163377
5,Sokoto,Illela,426,28375,7836,20539,0.7238414096916299,0.27615859030837003
5,Sokoto,Isa,427,37156,8053,29103,0.7832651523307137,0.21673484766928625
5,Sokoto,Kebbe,344,18763,5629,13134,0.6999946703618825,0.30000532963811755
5,Sokoto,Kware,621,59832,19784,40048,0.6693408209653697,0.3306591790346303
5,Sokoto,Rabah,326,31591,8893,22698,0.7184957741128802,0.28150422588711976
5,Sokoto,Sabon Birni,558,43901,10310,33591,0.7651534133618824,0.23484658663811758
5,Sokoto,Shagari,370,34260,8119,26141,0.7630180969060129,0.23698190309398715
5,Sokoto,Silame,373,19515,6107,13408,0.6870612349474763,0.3129387650525237
5,Sokoto,Sokoto North,328,32810,10067,22743,0.6931728131667174,0.30682718683328253
5,Sokoto,Sokoto South,434,29216,8103,21113,0.7226519715224534,0.2773480284775465
5,Sokoto,Tambuwal,578,41782,13976,27806,0.6655018907663587,0.33449810923364126
5,Sokoto,Tangaza,476,6916,2098,4818,0.6966454598033546,0.3033545401966455
5,Sokoto,Tureta,251,25926,6792,19134,0.738023605646841,0.261976394353159
5,Sokoto,Wamakko,631,48632,15296,33336,0.6854745846356308,0.3145254153643691
5,Sokoto,Wurno,399,30662,9644,21018,0.6854738764594612,0.31452612354053877
5,Sokoto,Yabo,406,26731,9341,17390,0.6505555347723617,0.34944446522763833
5,Zamfara,Anka,330,37457,9826,27631,0.7376725311690738,0.2623274688309261
5,Zamfara,Bakura,437,43388,14813,28575,0.6585922374850189,0.3414077625149811
5,Zamfara,Birnin_magaji-Kiyaw,673,70761,18346,52415,0.7407328895860714,0.2592671104139286
5,Zamfara,Bukkuyum,612,49602,16313,33289,0.6711221321720898,0.3288778678279102
5,Zamfara,Bungudu,549,57777,18913,38864,0.6726552088201188,0.32734479117988124
5,Zamfara,Gummi,569,62442,16404,46038,0.7372922071682522,0.2627077928317479
5,Zamfara,Gusau,930,106956,34620,72336,0.676315494221923,0.32368450577807695
5,Zamfara,Kaura Namoda,598,80447,27660,52787,0.6561711437343841,0.3438288562656159
5,Zamfara,Maradun,388,41876,10996,30880,0.737415225905053,0.26258477409494696
5,Zamfara,Maru,912,51588,16376,35212,0.6825618360859115,0.3174381639140885
5,Zamfara,Shinkafi,284,54110,15893,38217,0.7062834965810386,0.2937165034189614
5,Zamfara,Talata Mafara,702,63854,14732,49122,0.7692861841074953,0.23071381589250478
5,Zamfara,Tsafe,558,70504,17534,52970,0.7513048905026665,0.24869510949733348
5,Zamfara,Zurmi,851,61733,12659,49074,0.7949394975134855,0.2050605024865145
6,Jigawa,Auyo,283,29019,5457,23562,0.81195079086116,0.18804920913884007
6,Jigawa,Babura,590,68811,14434,54377,0.7902370260568804,0.20976297394311955
6,Jigawa,Birnin Kudu,741,84417,18320,66097,0.7829821007616949,0.21701789923830508
6,Jigawa,Birniwa,810,39308,10592,28716,0.7305383128116414,0.2694616871883586
6,Jigawa,Buji,341,29635,8383,21252,0.7171250210899275,0.28287497891007257
6,Jigawa,Dutse,709,66651,16032,50619,0.7594634739163704,0.24053652608362966
6,Jigawa,Gagarawa,299,33992,6598,27394,0.8058955048246647,0.19410449517533537
6,Jigawa,Garki,447,45753,4767,40986,0.8958101108124057,0.10418988918759425
6,Jigawa,Gumel,258,26081,5628,20453,0.7842107281162533,0.2157892718837468
6,Jigawa,Guri,484,25926,6084,19842,0.7653320990511455,0.23466790094885442
6,Jigawa,Gwaram,658,96879,27428,69451,0.7168839480176302,0.2831160519823698
6,Jigawa,Gwiwa,383,29849,3902,25947,0.8692753526081276,0.13072464739187242
6,Jigawa,Hadejia,127,35609,10588,25021,0.7026594400292061,0.2973405599707939
6,Jigawa,Jahun,852,53868,11835,42033,0.7802962797950546,0.2197037202049454
6,Jigawa,Kafin Hausa,898,50409,10856,39553,0.7846416314547006,0.21535836854529944
6,Jigawa,Kaugama,375,38848,9134,29714,0.7648785008237232,0.23512149917627678
6,Jigawa,Kazaure,324,50145,11668,38477,0.7673147871173597,0.23268521288264035
6,Jigawa,Kiri Kasama,513,41652,10396,31256,0.7504081436665706,0.24959185633342937
6,Jigawa,Kiyawa,744,47390,10639,36751,0.7755011605824014,0.22449883941759866
6,Jigawa,Maigatari,356,34408,6412,27996,0.8136479888398047,0.1863520111601953
6,Jigawa,Malam Madori,508,35915,9797,26118,0.7272170402338856,0.27278295976611444
6,Jigawa,Miga,396,35585,8613,26972,0.7579598145285935,0.2420401854714065
6,Jigawa,Ringim,472,61143,15209,45934,0.7512552540765092,0.24874474592349083
6,Jigawa,Roni,295,64903,9874,55029,0.8478652758732262,0.1521347241267738
6,Jigawa,Sule Tankarkar,699,47801,10471,37330,0.7809460053136964,0.21905399468630363
6,Jigawa,Taura,296,45522,9047,36475,0.801260928781688,0.19873907121831202
6,Jigawa,Yankwashi,259,17748,3104,14644,0.8251070543159793,0.17489294568402072
6,Kano,Ajingi,406,41271,11827,29444,0.7134307382908095,0.28656926170919045
6,Kano,Albasu,760,43495,8558,34937,0.8032417519255087,0.19675824807449133
6,Kano,Bagwai,633,45911,9617,36294,0.7905295027335497,0.2094704972664503
6,Kano,Bebeji,870,49261,12378,36883,0.7487261728344938,0.25127382716550617
6,Kano,Bichi,871,67793,14011,53782,0.7933267446491525,0.20667325535084743
6,Kano,Bunkure,622,37446,7284,30162,0.805479891043102,0.19452010895689795
6,Kano,Dala,1203,39358,5560,33798,0.8587326591798363,0.14126734082016362
6,Kano,Dambatta,744,51181,11087,40094,0.7833766436763643,0.21662335632363572
6,Kano,Dawakin Kudu,854,62046,12925,49121,0.7916868130097025,0.20831318699029752
6,Kano,Dawakin Tofa,1062,54684,10123,44561,0.8148818667251847,0.1851181332748153
6,Kano,Doguwa,828,52337,11150,41187,0.7869576016966964,0.2130423983033036
6,Kano,Fagge,928,48454,6532,41922,0.8651917282370909,0.13480827176290916
6,Kano,Gabasawa,870,43901,10040,33861,0.7713036149518234,0.22869638504817658
6,Kano,Garko,611,37590,8157,29433,0.783000798084597,0.21699920191540303
6,Kano,Garum Mallam,524,29702,5386,24316,0.8186654097367181,0.18133459026328194
6,Kano,Gaya,875,38112,9356,28756,0.7545130142737195,0.24548698572628044
6,Kano,Gezawa,793,58005,11741,46264,0.7975864149642272,0.20241358503577278
6,Kano,Gwale,1198,70170,15198,54972,0.7834117144078666,0.2165882855921334
6,Kano,Gwarzo,725,51625,11863,39762,0.7702082324455206,0.22979176755447941
6,Kano,Kabo,456,34194,5552,28642,0.837632333157864,0.16236766684213605
6,Kano,Kano Municipal,901,22240,2675,19565,0.8797212230215827,0.12027877697841727
6,Kano,Karaye,536,47854,12922,34932,0.7299703264094956,0.27002967359050445
6,Kano,Kibiya,593,37994,8831,29163,0.767568563457388,0.232431436542612
6,Kano,Kiru,741,65039,15863,49176,0.7561001860422208,0.24389981395777918
6,Kano,Kumbotso,2379,65409,14293,51116,0.7814826705805011,0.21851732941949883
6,Kano,Kunchi,161,26914,5754,21160,0.7862079215278294,0.2137920784721706
6,Kano,Kura,438,33025,9069,23956,0.7253898561695685,0.2746101438304315
6,Kano,Madobi,937,57164,10609,46555,0.8144111678678889,0.1855888321321111
6,Kano,Makoda,191,28177,6162,22015,0.7813109983319729,0.21868900166802713
6,Kano,Minjibir,915,60297,14535,45762,0.7589432310065177,0.24105676899348227
6,Kano,Nassarawa,1654,70341,13433,56908,0.8090302952758704,0.1909697047241296
6,Kano,Rano,504,33938,9102,24836,0.7318050562790972,0.2681949437209028
6,Kano,Rimin Gado,170,20634,3522,17112,0.829310846176214,0.170689153823786
6,Kano,Rogo,1036,44167,9945,34222,0.7748318880612222,0.2251681119387778
6,Kano,Shanono,453,35073,5119,29954,0.8540472728309526,0.14595272716904742
6,Kano,Sumaila,931,44190,11372,32818,0.7426567096628196,0.25734329033718034
6,Kano,Takai,679,36240,8173,28067,0.7744757174392936,0.2255242825607064
6,Kano,Tarauni,1030,38389,4725,33664,0.8769178670973456,0.1230821329026544
6,Kano,Tofa,440,26869,6683,20186,0.7512747031895493,0.24872529681045072
6,Kano,Tsanyawa,376,36552,7136,29416,0.8047712847450208,0.1952287152549792
6,Kano,Tudun Wada,644,55622,12774,42848,0.7703426701664808,0.2296573298335191
6,Kano,Ungogo,2515,106115,23359,82756,0.7798708947839608,0.2201291052160392
6,Kano,Warawa,611,36143,8550,27593,0.763439670198932,0.23656032980106798
6,Kano,Wudil,536,45593,14664,30929,0.6783716798631368,0.3216283201368631
6,Katsina,Bakori,978,76063,15987,60076,0.7898189658572499,0.21018103414275008
6,Katsina,Batagarawa,376,50012,15075,34937,0.6985723426377669,0.30142765736223304
6,Katsina,Batsari,643,51740,14590,37150,0.7180131426362583,0.2819868573637418
6,Katsina,Baure,536,59990,15274,44716,0.7453908984830805,0.2546091015169195
6,Katsina,Bindawa,480,48296,12785,35511,0.7352782839158523,0.26472171608414774
6,Katsina,Charanchi,301,46938,14285,32653,0.6956623631173037,0.3043376368826963
6,Katsina,Dan Musa,475,45182,12427,32755,0.7249568412199549,0.27504315878004515
6,Katsina,Dandume,599,69858,15594,54264,0.7767757450828824,0.2232242549171176
6,Katsina,Danja,718,66207,21701,44506,0.6722249913151177,0.32777500868488224
6,Katsina,Daura,373,32797,8049,24748,0.7545812116961917,0.24541878830380828
6,Katsina,Dutsi,456,34700,8882,25818,0.7440345821325648,0.25596541786743515
6,Katsina,Dutsin Ma,904,66644,16105,50539,0.7583428365644319,0.2416571634355681
6,Katsina,Faskari,509,35487,6673,28814,0.811959309042748,0.18804069095725195
6,Katsina,Funtua,849,129995,38716,91279,0.7021731605061733,0.2978268394938267
6,Katsina,Ingawa,490,49198,11972,37226,0.7566567746656369,0.24334322533436317
6,Katsina,Jibia,681,47995,12298,35697,0.7437649755182831,0.25623502448171687
6,Katsina,Kafur,613,71246,16188,55058,0.7727872441961654,0.2272127558038346
6,Katsina,Kaita,338,53907,10344,43563,0.8081139740664478,0.19188602593355222
6,Katsina,Kankara,752,44621,11078,33543,0.7517312476188341,0.24826875238116583
6,Katsina,Kankia,603,55356,14089,41267,0.7454837777296047,0.2545162222703953
6,Katsina,Katsina,1515,88119,20992,67127,0.7617766883419013,0.2382233116580987
6,Katsina,Kurfi,400,35670,8750,26920,0.7546958228202971,0.24530417717970282
6,Katsina,Kusada,452,35616,9844,25772,0.723607367475292,0.27639263252470797
6,Katsina,Mai'adua,513,35182,7253,27929,0.7938434426695469,0.20615655733045307
6,Katsina,Malumfashi,734,72494,14873,57621,0.7948381935056694,0.20516180649433058
6,Katsina,Mani,814,56021,15123,40898,0.7300476606986666,0.26995233930133344
6,Katsina,Mashi,703,53020,14361,38659,0.7291399471897397,0.27086005281026027
6,Katsina,Matazu,663,33660,9474,24186,0.7185383244206773,0.2814616755793226
6,Katsina,Musawa,440,43902,11148,32754,0.7460707940412737,0.25392920595872626
6,Katsina,Rimi,466,50143,12222,37921,0.7562571046806135,0.24374289531938656
6,Katsina,Sabuwa,352,41943,12400,29543,0.704360679970436,0.29563932002956395
6,Katsina,Safana,346,58722,13752,44970,0.7658117911515275,0.23418820884847247
6,Katsina,Sandamu,384,33600,7431,26169,0.7788392857142857,0.2211607142857143
6,Katsina,Zango,414,35271,9230,26041,0.7383119276459414,0.26168807235405855
6,Kebbi,Aleiro,139,19958,4680,15278,0.7655075658883655,0.23449243411163442
6,Kebbi,Arewa Dandi,896,30737,9468,21269,0.691967335784234,0.30803266421576603
6,Kebbi,Argungu,757,19626,5033,14593,0.7435544685621115,0.2564455314378885
6,Kebbi,Augie,461,21740,4964,16776,0.7716651333946642,0.22833486660533578
6,Kebbi,Bagudo,1041,42807,11005,31802,0.7429158782442123,0.2570841217557876
6,Kebbi,Bagudu,3,21,4,17,0.8095238095238095,0.19047619047619047
6,Kebbi,Birnin Kebbi,743,51390,13775,37615,0.7319517415839657,0.26804825841603425
6,Kebbi,Bunza,711,26175,7072,19103,0.7298185291308501,0.27018147086914995
6,Kebbi,Dandi,428,32335,7679,24656,0.7625173960105149,0.2374826039894851
6,Kebbi,Fakai,825,27516,5448,22068,0.8020061055385957,0.19799389446140428
6,Kebbi,Gwandu,566,39622,9664,29958,0.7560950986825501,0.2439049013174499
6,Kebbi,Jega,681,28271,8518,19753,0.6987018499522479,0.3012981500477521
6,Kebbi,Kalgo,485,20293,5401,14892,0.7338491105307249,0.2661508894692751
6,Kebbi,Koko-Besse,756,50019,13884,36135,0.7224254783182391,0.27757452168176094
6,Kebbi,Maiyama,458,44627,13236,31391,0.7034082506106168,0.2965917493893831
6,Kebbi,Ngaski,574,30978,7426,23552,0.7602814900897411,0.2397185099102589
6,Kebbi,Sakaba,613,32025,4048,27977,0.8735987509758002,0.12640124902419986
6,Kebbi,Shanga,406,41213,11203,30010,0.7281682964113265,0.2718317035886735
6,Kebbi,Suru,649,30260,8413,21847,0.7219762062128222,0.2780237937871778
6,Kebbi,Wasagu-Danko,1249,57675,16003,41672,0.722531426094495,0.277468573905505
6,Kebbi,Yauri,499,26482,5855,20627,0.7789064270070236,0.22109357299297636
6,Kebbi,Zuru,650,12510,3821,8689,0.6945643485211831,0.30543565147881696
6,Sokoto,Binji,291,15558,4954,10604,0.6815786090757167,0.31842139092428334
6,Sokoto,Bodinga,585,35609,10871,24738,0.6947120110084529,0.3052879889915471
6,Sokoto,Dange Shuni,568,36038,10796,25242,0.7004273267106943,0.29957267328930576
6,Sokoto,Gada,862,56218,14665,41553,0.7391404888114127,0.2608595111885873
6,Sokoto,Goronyo,517,60627,12479,48148,0.7941676150889867,0.20583238491101324
6,Sokoto,Gudu,355,11947,3072,8875,0.7428643174018582,0.2571356825981418
6,Sokoto,Gwadabawa,536,33493,9006,24487,0.7311079927148957,0.2688920072851044
6,Sokoto,Illela,426,28375,7085,21290,0.7503083700440528,0.24969162995594713
6,Sokoto,Isa,427,37156,7382,29774,0.8013241468403488,0.1986758531596512
6,Sokoto,Kebbe,344,18763,5017,13746,0.732612055641422,0.26738794435857804
6,Sokoto,Kware,621,59832,18075,41757,0.6979041315683915,0.3020958684316085
6,Sokoto,Rabah,326,31591,8124,23467,0.7428381501060428,0.25716184989395713
6,Sokoto,Sabon Birni,558,43901,9578,34323,0.7818272932279446,0.2181727067720553
6,Sokoto,Shagari,370,34260,7286,26974,0.78733216579101,0.21266783420899008
6,Sokoto,Silame,373,19515,5413,14102,0.7226236228542147,0.2773763771457853
6,Sokoto,Sokoto North,328,32810,9311,23499,0.716214568729046,0.28378543127095396
6,Sokoto,Sokoto South,434,29216,7285,21931,0.7506503285870756,0.2493496714129244
6,Sokoto,Tambuwal,578,41782,12907,28875,0.6910870709875065,0.3089129290124934
6,Sokoto,Tangaza,476,6916,1932,4984,0.7206477732793523,0.2793522267206478
6,Sokoto,Tureta,251,25926,6047,19879,0.7667592378307491,0.23324076216925094
6,Sokoto,Wamakko,631,48632,13892,34740,0.7143444645500905,0.2856555354499095
6,Sokoto,Wurno,399,30662,8773,21889,0.7138803731002544,0.2861196268997456
6,Sokoto,Yabo,406,26731,8524,18207,0.6811192996894991,0.3188807003105009
6,Zamfara,Anka,330,37457,9111,28346,0.756761086045332,0.243238913954668
6,Zamfara,Bakura,437,43388,12999,30389,0.7004010325435605,0.29959896745643955
6,Zamfara,Birnin_magaji-Kiyaw,673,70761,16701,54060,0.7639801585619197,0.2360198414380803
6,Zamfara,Bukkuyum,612,49602,14468,35134,0.7083182129752833,0.29168178702471675
6,Zamfara,Bungudu,549,57777,17590,40187,0.6955535939906884,0.30444640600931167
6,Zamfara,Gummi,569,62442,15053,47389,0.7589282854488966,0.24107171455110343
6,Zamfara,Gusau,930,106956,31505,75451,0.7054396200306668,0.2945603799693332
6,Zamfara,Kaura Namoda,598,80447,25250,55197,0.6861287555782067,0.3138712444217932
6,Zamfara,Maradun,388,41876,10290,31586,0.7542745247874678,0.24572547521253224
6,Zamfara,Maru,912,51588,14924,36664,0.7107079165697449,0.2892920834302551
6,Zamfara,Shinkafi,284,54110,14658,39452,0.7291073738680466,0.2708926261319534
6,Zamfara,Talata Mafara,702,63854,13528,50326,0.7881416982491308,0.21185830175086917
6,Zamfara,Tsafe,558,70504,15829,54675,0.7754879155792579,0.22451208442074208
6,Zamfara,Zurmi,851,61733,11697,50036,0.8105227350039687,0.1894772649960313
